login,name,company,location,email,hireable,bio,public_repos,followers,following,created_at
aneagoie,,,,,,,0,0,0,
ZhangMYihua,,,,,,,0,0,0,
susanli2016,,,,,,,0,0,0,
thedaviddias,,,,,,,0,0,0,
ange-yaghi,,,,,,,0,0,0,
nayuki,,,,,,,0,0,0,
stemmlerjs,,,,,,,0,0,0,
GrapheneOS,,,,,,,0,0,0,
MylesBorins,,,,,,,0,0,0,
vsavkin,,,,,,,0,0,0,
kevinjycui,,,,,,,0,0,0,
hlissner,,,,,,,0,0,0,
gazijarin,,,,,,,0,0,0,
priya-dwivedi,,,,,,,0,0,0,
dmitshur,,,,,,,0,0,0,
rspivak,,,,,,,0,0,0,
daattali,,,,,,,0,0,0,
chenyuntc,,,,,,,0,0,0,
jmorganca,,,,,,,0,0,0,
petertodd,,,,,,,0,0,0,
vladikoff,,,,,,,0,0,0,
michaelklishin,,,,,,,0,0,0,
raganwald,,,,,,,0,0,0,
dsherret,,,,,,,0,0,0,
codereport,,,,,,,0,0,0,
darcyclarke,,,,,,,0,0,0,
adam-p,,,,,,,0,0,0,
richlander,,,,,,,0,0,0,
rich-iannone,,,,,,,0,0,0,
ricmoo,,,,,,,0,0,0,
TarrySingh,,,,,,,0,0,0,
1Password,,,,,,,0,0,0,
ehoneahobed,,,,,,,0,0,0,
craffel,,,,,,,0,0,0,
wiseodd,,,,,,,0,0,0,
markstory,,,,,,,0,0,0,
JasonEtco,,,,,,,0,0,0,
jtemporal,,,,,,,0,0,0,
alecjacobson,,,,,,,0,0,0,
Gaohaoyang,,,,,,,0,0,0,
shazow,,,,,,,0,0,0,
leighhalliday,,,,,,,0,0,0,
winkerVSbecks,,,,,,,0,0,0,
luisguiserrano,,,,,,,0,0,0,
sachac,,,,,,,0,0,0,
ziishaned,,,,,,,0,0,0,
abbycabs,,,,,,,0,0,0,
yogthos,,,,,,,0,0,0,
JunMa11,,,,,,,0,0,0,
caitp,,,,,,,0,0,0,
k88hudson,,,,,,,0,0,0,
gvwilson,,,,,,,0,0,0,
enderh3art,,,,,,,0,0,0,
ninjamuffin99,,,,,,,0,0,0,
Rishit-dagli,,,,,,,0,0,0,
BenEmdon,,,,,,,0,0,0,
hejazizo,,,,,,,0,0,0,
aritchie,,,,,,,0,0,0,
jgrandja,,,,,,,0,0,0,
lazerwalker,,,,,,,0,0,0,
xinshuoweng,,,,,,,0,0,0,
pkieltyka,,,,,,,0,0,0,
iceburgcrm,,,,,,,0,0,0,
iH8sn0w,,,,,,,0,0,0,
ahmadnassri,,,,,,,0,0,0,
zackradisic,,,,,,,0,0,0,
ChainSafe,,,,,,,0,0,0,
OlivierLaflamme,,,,,,,0,0,0,
lstein,,,,,,,0,0,0,
jaysoo,,,,,,,0,0,0,
benvinegar,,,,,,,0,0,0,
davidrosenberg,,,,,,,0,0,0,
Idnan,,,,,,,0,0,0,
rokon12,,,,,,,0,0,0,
eviltrout,,,,,,,0,0,0,
vipulasri,,,,,,,0,0,0,
jamesagnew,,,,,,,0,0,0,
spencermountain,,,,,,,0,0,0,
vito,,,,,,,0,0,0,
HamedBahram,,,,,,,0,0,0,
ibraheemdev,,,,,,,0,0,0,
olado,,,,,,,0,0,0,
steveseguin,,,,,,,0,0,0,
fantix,,,,,,,0,0,0,
gf3,,,,,,,0,0,0,
GunterMueller,,,,,,,0,0,0,
FaisalAbid,,,,,,,0,0,0,
mhammond,,,,,,,0,0,0,
odziem,,,,,,,0,0,0,
glouw,,,,,,,0,0,0,
cenkalti,,,,,,,0,0,0,
Windscribe,,,,,,,0,0,0,
anniebombanie,,,,,,,0,0,0,
jsoref,,,,,,,0,0,0,
scrumtuous,,,,,,,0,0,0,
nikolovlazar,,,,,,,0,0,0,
mobinni,,,,,,,0,0,0,
kulkarniankita,,,,,,,0,0,0,
ploopyco,,,,,,,0,0,0,
DylanVann,,,,,,,0,0,0,
dnephin,,,,,,,0,0,0,
abetlen,,,,,,,0,0,0,
code-shoily,,,,,,,0,0,0,
tsiliopoulos,,,,,,,0,0,0,
josh0xA,,,,,,,0,0,0,
barry-far,,,,,,,0,0,0,
npapernot,,,,,,,0,0,0,
kamiyaa,,,,,,,0,0,0,
OmarElgabry,,,,,,,0,0,0,
sideeffects,,,,,,,0,0,0,
AtotheY,,,,,,,0,0,0,
r-park,,,,,,,0,0,0,
tristanhimmelman,,,,,,,0,0,0,
rgrinberg,,,,,,,0,0,0,
jaberg,,,,,,,0,0,0,
Wuziyi616,,,,,,,0,0,0,
etimberg,,,,,,,0,0,0,
ExamProCo,,,,,,,0,0,0,
GeorgeSeif,,,,,,,0,0,0,
wolever,,,,,,,0,0,0,
st3fan,,,,,,,0,0,0,
DaleSeo,,,,,,,0,0,0,
martindurant,,,,,,,0,0,0,
swalkinshaw,,,,,,,0,0,0,
jts,,,,,,,0,0,0,
heybereket,,,,,,,0,0,0,
ImranR98,,,,,,,0,0,0,
san089,,,,,,,0,0,0,
davellanedam,,,,,,,0,0,0,
WolfgangOfner,,,,,,,0,0,0,
piyush97,,,,,,,0,0,0,
fmfn,,,,,,,0,0,0,
shayanb,,,,,,,0,0,0,
ReikaKalseki,,,,,,,0,0,0,
phuc-mai,,,,,,,0,0,0,
antonitz,,,,,,,0,0,0,
itsdevbear,,,,,,,0,0,0,
aarnphm,,,,,,,0,0,0,
maxhumber,,,,,,,0,0,0,
mszoek,,,,,,,0,0,0,
JacintoDesign,,,,,,,0,0,0,
cnbeining,,,,,,,0,0,0,
djirdehh,,,,,,,0,0,0,
fardad,,,,,,,0,0,0,
n1ckfg,,,,,,,0,0,0,
michaelshimeles,,,,,,,0,0,0,
cheezy,,,,,,,0,0,0,
jobovy,,,,,,,0,0,0,
chmln,,,,,,,0,0,0,
henrytao-me,,,,,,,0,0,0,
filippbudko,,,,,,,0,0,0,
bruno-garcia,,,,,,,0,0,0,
fwang,,,,,,,0,0,0,
tomhodgins,,,,,,,0,0,0,
alicoding,,,,,,,0,0,0,
Devang-25,,,,,,,0,0,0,
deniseyu,,,,,,,0,0,0,
lextm,,,,,,,0,0,0,
t-mullen,,,,,,,0,0,0,
Tabrizian,,,,,,,0,0,0,
mystor,,,,,,,0,0,0,
una-dinosauria,,,,,,,0,0,0,
davepagurek,,,,,,,0,0,0,
indy256,,,,,,,0,0,0,
xjasonlyu,,,,,,,0,0,0,
ethers-io,,,,,,,0,0,0,
bioinformatics-ca,,,,,,,0,0,0,
RetroNick2020,,,,,,,0,0,0,
bowang-lab,,,,,,,0,0,0,
kobiso,,,,,,,0,0,0,
pycaret,,,,,,,0,0,0,
laion01,,,,,,,0,0,0,
chesterbr,,,,,,,0,0,0,
vasanthv,,,,,,,0,0,0,
shyndman,,,,,,,0,0,0,
xiaozhouwang,,,,,,,0,0,0,
pilwon,,,,,,,0,0,0,
moezbhatti,,,,,,,0,0,0,
iamnbutler,,,,,,,0,0,0,
danieldjohnson,,,,,,,0,0,0,
patcon,,,,,,,0,0,0,
alamkanak,,,,,,,0,0,0,
HackerYou,,,,,,,0,0,0,
tristen,,,,,,,0,0,0,
ryanshrott,,,,,,,0,0,0,
jneen,,,,,,,0,0,0,
Tech-With-Tim,,,,,,,0,0,0,
FrozenPandaz,,,,,,,0,0,0,
XanaduAI,,,,,,,0,0,0,
jaseva,,,,,,,0,0,0,
codewithchris,,,,,,,0,0,0,
zoltan-nz,,,,,,,0,0,0,
BlakeBrown,,,,,,,0,0,0,
alex-okrushko,,,,,,,0,0,0,
mahedee,,,,,,,0,0,0,
hannorein,,,,,,,0,0,0,
kelvinxu,,,,,,,0,0,0,
colinta,,,,,,,0,0,0,
alexminnaar,,,,,,,0,0,0,
syavash,,,,,,,0,0,0,
atesgoral,,,,,,,0,0,0,
andrewn6,,,,,,,0,0,0,
rileyjshaw,,,,,,,0,0,0,
sgbaird,,,,,,,0,0,0,
joykare,,,,,,,0,0,0,
brenna,,,,,,,0,0,0,
fmoliveira,,,,,,,0,0,0,
devinpleuler,,,,,,,0,0,0,
pritamworld,,,,,,,0,0,0,
vnmakarov,,,,,,,0,0,0,
websanova,,,,,,,0,0,0,
ritheshkumar95,,,,,,,0,0,0,
dalenguyen,,,,,,,0,0,0,
friyiajr,,,,,,,0,0,0,
makew0rld,,,,,,,0,0,0,
SteveJunGao,,,,,,,0,0,0,
david-gpu,,,,,,,0,0,0,
amsul,,,,,,,0,0,0,
for-ai,,,,,,,0,0,0,
Christopher2K,,,,,,,0,0,0,
VectorInstitute,,,,,,,0,0,0,
WilsonWangTHU,,,,,,,0,0,0,
mtrudel,,,,,,,0,0,0,
NickQiZhu,,,,,,,0,0,0,
JessicaLim8,,,,,,,0,0,0,
impressivewebs,,,,,,,0,0,0,
mrisdal,,,,,,,0,0,0,
josh146,,,,,,,0,0,0,
mstechly,,,,,,,0,0,0,
iSimar,,,,,,,0,0,0,
watadarkstar,,,,,,,0,0,0,
LuaxY,,,,,,,0,0,0,
danialfarid,,,,,,,0,0,0,
msantos,,,,,,,0,0,0,
brianpeiris,,,,,,,0,0,0,
jteneycke,,,,,,,0,0,0,
taras,,,,,,,0,0,0,
kinngh,,,,,,,0,0,0,
cpt-waffle,,,,,,,0,0,0,
thomas-lowry,,,,,,,0,0,0,
plentz,,,,,,,0,0,0,
ddavison,,,,,,,0,0,0,
Rayhane-mamah,,,,,,,0,0,0,
stevemar,,,,,,,0,0,0,
leebenson,,,,,,,0,0,0,
rgeirhos,,,,,,,0,0,0,
MagicStack,,,,,,,0,0,0,
iKevinY,,,,,,,0,0,0,
arjungautam1,,,,,,,0,0,0,
filmaj,,,,,,,0,0,0,
MrGemy95,,,,,,,0,0,0,
thephoeron,,,,,,,0,0,0,
ElliotKillick,,,,,,,0,0,0,
akshitac8,,,,,,,0,0,0,
interactiveimmersivehq,,,,,,,0,0,0,
elbruno,,,,,,,0,0,0,
theoomoregbee,,,,,,,0,0,0,
Hermanya,,,,,,,0,0,0,
janetacarr,,,,,,,0,0,0,
kelvinlauKL,,,,,,,0,0,0,
amacgregor,,,,,,,0,0,0,
chitwansaharia,,,,,,,0,0,0,
oalders,,,,,,,0,0,0,
Furkanzmc,,,,,,,0,0,0,
geographyclub,,,,,,,0,0,0,
therajanmaurya,,,,,,,0,0,0,
EverythingSuckz,,,,,,,0,0,0,
QuLogic,,,,,,,0,0,0,
gizak,,,,,,,0,0,0,
cameronmcnz,,,,,,,0,0,0,
oliveiralecca,,,,,,,0,0,0,
epitron,,,,,,,0,0,0,
tomkralidis,,,,,,,0,0,0,
sebjai,,,,,,,0,0,0,
mikkoh,,,,,,,0,0,0,
NoahDragon,,,,,,,0,0,0,
adryd325,,,,,,,0,0,0,
MJAlexander,,,,,,,0,0,0,
moezali1,,,,,,,0,0,0,
wohali,,,,,,,0,0,0,
mjangda,,,,,,,0,0,0,
DjDeveloperr,,,,,,,0,0,0,
ReallySnow,,,,,,,0,0,0,
JohnSully,,,,,,,0,0,0,
ericevenchick,,,,,,,0,0,0,
jess-data,,,,,,,0,0,0,
ylogx,,,,,,,0,0,0,
corbanbrook,,,,,,,0,0,0,
danqzq,,,,,,,0,0,0,
jeffrey-xiao,,,,,,,0,0,0,
marcospereira,,,,,,,0,0,0,
julianlam,,,,,,,0,0,0,
AutodeskAILab,,,,,,,0,0,0,
DateBro,,,,,,,0,0,0,
aleemrehmtulla,,,,,,,0,0,0,
dashed,,,,,,,0,0,0,
keeferrourke,,,,,,,0,0,0,
Rchristiani,,,,,,,0,0,0,
moollaza,,,,,,,0,0,0,
randyaajr,,,,,,,0,0,0,
jacobparis,,,,,,,0,0,0,
toksdotdev,,,,,,,0,0,0,
walkah,,,,,,,0,0,0,
erwanor,,,,,,,0,0,0,
ItsJonQ,,,,,,,0,0,0,
AndreiBarsan,,,,,,,0,0,0,
teamchong,,,,,,,0,0,0,
mfridman,,,,,,,0,0,0,
chocoluffy,,,,,,,0,0,0,
ruebot,,,,,,,0,0,0,
hectris,,,,,,,0,0,0,
truskovskiyk,,,,,,,0,0,0,
yawaramin,,,,,,,0,0,0,
fahdi,,,,,,,0,0,0,
teesloane,,,,,,,0,0,0,
kcnickerson,,,,,,,0,0,0,
Continuities,,,,,,,0,0,0,
atgreen,,,,,,,0,0,0,
adriengivry,,,,,,,0,0,0,
jules2689,,,,,,,0,0,0,
Sticktron,,,,,,,0,0,0,
pct960,,,,,,,0,0,0,
ehsan,,,,,,,0,0,0,
peterzhu2118,,,,,,,0,0,0,
prrao87,,,,,,,0,0,0,
TouchDesigner,,,,,,,0,0,0,
friendly,,,,,,,0,0,0,
arsduo,,,,,,,0,0,0,
joshl26,,,,,,,0,0,0,
knazeri,,,,,,,0,0,0,
seyonechithrananda,,,,,,,0,0,0,
andyw8,,,,,,,0,0,0,
markf94,,,,,,,0,0,0,
ankonzoid,,,,,,,0,0,0,
ansis,,,,,,,0,0,0,
bk2204,,,,,,,0,0,0,
m4mallu,,,,,,,0,0,0,
deluan,,,,,,,0,0,0,
alifa98,,,,,,,0,0,0,
Danial-Kord,,,,,,,0,0,0,
joeyism,,,,,,,0,0,0,
hexonaut,,,,,,,0,0,0,
HuguesTHOMAS,,,,,,,0,0,0,
spike01,,,,,,,0,0,0,
lacarmen,,,,,,,0,0,0,
yaoyaoding,,,,,,,0,0,0,
pushmatrix,,,,,,,0,0,0,
websemantics,,,,,,,0,0,0,
NorthernMan54,,,,,,,0,0,0,
ljdursi,,,,,,,0,0,0,
phillmv,,,,,,,0,0,0,
SoroushMehraban,,,,,,,0,0,0,
stevehu,,,,,,,0,0,0,
ChainSafeSystems,,,,,,,0,0,0,
tbabej,,,,,,,0,0,0,
ldct,,,,,,,0,0,0,
CNBorn,,,,,,,0,0,0,
DylanMeeus,,,,,,,0,0,0,
JohnGiorgi,,,,,,,0,0,0,
pschroen,,,,,,,0,0,0,
TroyKomodo,,,,,,,0,0,0,
HACKERALERT,,,,,,,0,0,0,
hammadshaikhha,,,,,,,0,0,0,
agile8118,,,,,,,0,0,0,
SandyLudosky,,,,,,,0,0,0,
dilevin,,,,,,,0,0,0,
gregorycollins,,,,,,,0,0,0,
bytenaija,,,,,,,0,0,0,
MatinTavakoli,,,,,,,0,0,0,
KingsMentor,,,,,,,0,0,0,
danielmoniz,,,,,,,0,0,0,
micdoodle8,,,,,,,0,0,0,
rishirdua,,,,,,,0,0,0,
hyfen,,,,,,,0,0,0,
topspinj,,,,,,,0,0,0,
bredele,,,,,,,0,0,0,
jameskokoska,,,,,,,0,0,0,
lucas-manuel,,,,,,,0,0,0,
tonybaltovski,,,,,,,0,0,0,
es,,,,,,,0,0,0,
flawnson,,,,,,,0,0,0,
svinkle,,,,,,,0,0,0,
brynnsmith,,,,,,,0,0,0,
nicholasaleks,,,,,,,0,0,0,
rosszurowski,,,,,,,0,0,0,
countcain,,,,,,,0,0,0,
upul,,,,,,,0,0,0,
wealthsimple,,,,,,,0,0,0,
kashav,,,,,,,0,0,0,
novatorem,,,,,,,0,0,0,
ShikharJ,,,,,,,0,0,0,
league1991,,,,,,,0,0,0,
QuinntyneBrown,,,,,,,0,0,0,
amlankar,,,,,,,0,0,0,
Xyene,,,,,,,0,0,0,
yashkant,,,,,,,0,0,0,
suhaibaffan,,,,,,,0,0,0,
caffeinum,,,,,,,0,0,0,
lgfa29,,,,,,,0,0,0,
rafd,,,,,,,0,0,0,
rafaelsteil,,,,,,,0,0,0,
RohanAlexander,,,,,,,0,0,0,
utiasASRL,,,,,,,0,0,0,
clouddrove,,,,,,,0,0,0,
mveytsman,,,,,,,0,0,0,
alex-wilmer,,,,,,,0,0,0,
colinbdclark,,,,,,,0,0,0,
cheapsteak,,,,,,,0,0,0,
MohamedSlah27,,,,,,,0,0,0,
nhat416,,,,,,,0,0,0,
ephread,,,,,,,0,0,0,
moaazsidat,,,,,,,0,0,0,
WirelessLife,,,,,,,0,0,0,
davedbase,,,,,,,0,0,0,
kpumuk,,,,,,,0,0,0,
MrCheeze,,,,,,,0,0,0,
Seanforfun,,,,,,,0,0,0,
32teeth,,,,,,,0,0,0,
JoshVarty,,,,,,,0,0,0,
richardwu,,,,,,,0,0,0,
ahmdrefat,,,,,,,0,0,0,
philchalmers,,,,,,,0,0,0,
pnitsch,,,,,,,0,0,0,
ahlashkari,,,,,,,0,0,0,
benhylau,,,,,,,0,0,0,
mohamed-tayeh,,,,,,,0,0,0,
edmundnoble,,,,,,,0,0,0,
halostatue,,,,,,,0,0,0,
0xsauby,,,,,,,0,0,0,
jamesmacaulay,,,,,,,0,0,0,
JasonLovesDoggo,,,,,,,0,0,0,
asaikali,,,,,,,0,0,0,
ameliemaia,,,,,,,0,0,0,
invokethreatguy,,,,,,,0,0,0,
Xenomega,,,,,,,0,0,0,
richgilbank,,,,,,,0,0,0,
Jeremboo,,,,,,,0,0,0,
xrenaa,,,,,,,0,0,0,
AeroAndZero,,,,,,,0,0,0,
barisusakli,,,,,,,0,0,0,
marcelluscaio,,,,,,,0,0,0,
distributethe6ix,,,,,,,0,0,0,
darcymason,,,,,,,0,0,0,
1Computer1,,,,,,,0,0,0,
marcbensan,,,,,,,0,0,0,
mssroboto,,,,,,,0,0,0,
frank-liu-toronto,,,,,,,0,0,0,
quantum5,,,,,,,0,0,0,
bsormagec,,,,,,,0,0,0,
incizzle,,,,,,,0,0,0,
RaeesBhatti,,,,,,,0,0,0,
domluna,,,,,,,0,0,0,
andre-nguyen,,,,,,,0,0,0,
npow,,,,,,,0,0,0,
johnmal-dev,,,,,,,0,0,0,
tessus,,,,,,,0,0,0,
ParsaMehdipour,,,,,,,0,0,0,
nathanmarks,,,,,,,0,0,0,
rafaelperez,,,,,,,0,0,0,
manjitkumar,,,,,,,0,0,0,
jonathanlilly,,,,,,,0,0,0,
Abtinz,,,,,,,0,0,0,
e-schultz,,,,,,,0,0,0,
itsflores,,,,,,,0,0,0,
CaydenPierce,,,,,,,0,0,0,
michaelstepner,,,,,,,0,0,0,
Abiodun-Shittu,,,,,,,0,0,0,
mikeboers,,,,,,,0,0,0,
Yifeng-He,,,,,,,0,0,0,
AtheMathmo,,,,,,,0,0,0,
dmitryrck,,,,,,,0,0,0,
gabrielgrant,,,,,,,0,0,0,
amanjeev,,,,,,,0,0,0,
danielsnider,,,,,,,0,0,0,
lsvekis,,,,,,,0,0,0,
jairojair,,,,,,,0,0,0,
marcgibbons,,,,,,,0,0,0,
calvinlfer,,,,,,,0,0,0,
daniellewebb-xx,,,,,,,0,0,0,
jbuck,,,,,,,0,0,0,
pangloss,,,,,,,0,0,0,
carolinanonato,,,,,,,0,0,0,
arieling,,,,,,,0,0,0,
johnantoni,,,,,,,0,0,0,
wgrathwohl,,,,,,,0,0,0,
psychobunny,,,,,,,0,0,0,
zazencodes,,,,,,,0,0,0,
baudehlo,,,,,,,0,0,0,
vodik,,,,,,,0,0,0,
rayryeng,,,,,,,0,0,0,
seglo,,,,,,,0,0,0,
william-tran,,,,,,,0,0,0,
zlovatt,,,,,,,0,0,0,
gaojunxuan,,,,,,,0,0,0,
nicholaschum,,,,,,,0,0,0,
Yumcoder-dev,,,,,,,0,0,0,
nicholas-tao,,,,,,,0,0,0,
joshspeagle,,,,,,,0,0,0,
crespire,,,,,,,0,0,0,
LucasBoTang,,,,,,,0,0,0,
siebenmann,,,,,,,0,0,0,
SteakEnthusiast,,,,,,,0,0,0,
Coldcard,,,,,,,0,0,0,
mikeconley,,,,,,,0,0,0,
bmarchete,,,,,,,0,0,0,
jairajs89,,,,,,,0,0,0,
rms80,,,,,,,0,0,0,
Shchvova,,,,,,,0,0,0,
ArmanJR,,,,,,,0,0,0,
leibovic,,,,,,,0,0,0,
kintel,,,,,,,0,0,0,
arkalim,,,,,,,0,0,0,
ueg1990,,,,,,,0,0,0,
MichaelDiBernardo,,,,,,,0,0,0,
bwinton,,,,,,,0,0,0,
ahmadsalimi,,,,,,,0,0,0,
sedghi,,,,,,,0,0,0,
jamaps,,,,,,,0,0,0,
fightingtheboss,,,,,,,0,0,0,
kracwarlock,,,,,,,0,0,0,
myles,,,,,,,0,0,0,
ssydasheng,,,,,,,0,0,0,
dvrzan,,,,,,,0,0,0,
Snivyn,,,,,,,0,0,0,
rajansagarwal,,,,,,,0,0,0,
BrityHemming,,,,,,,0,0,0,
aleccool213,,,,,,,0,0,0,
ikokkari,,,,,,,0,0,0,
Krutonium,,,,,,,0,0,0,
akhomochkina,,,,,,,0,0,0,
ShayanDeSh,,,,,,,0,0,0,
takiszourntos,,,,,,,0,0,0,
chmodxx,,,,,,,0,0,0,
ababaian,,,,,,,0,0,0,
1997alireza,,,,,,,0,0,0,
kieranrcampbell,,,,,,,0,0,0,
shinyorg,,,,,,,0,0,0,
priom,,,,,,,0,0,0,
jasongoodwin,,,,,,,0,0,0,
hhaidar,,,,,,,0,0,0,
tracymakes,,,,,,,0,0,0,
iBicha,,,,,,,0,0,0,
DillonN,,,,,,,0,0,0,
iancanada,,,,,,,0,0,0,
JohnOnSoftware,,,,,,,0,0,0,
supermacro,,,,,,,0,0,0,
Bortseb,,,,,,,0,0,0,
wxs,,,,,,,0,0,0,
stephaniegiang,,,,,,,0,0,0,
shonfeder,,,,,,,0,0,0,
yysun,,,,,,,0,0,0,
nickyiliwang,,,,,,,0,0,0,
melaniesigrid,,,,,,,0,0,0,
chyyran,,,,,,,0,0,0,
zoffixznet,,,,,,,0,0,0,
jrmuizel,,,,,,,0,0,0,
dipikabh,,,,,,,0,0,0,
farnoodma,,,,,,,0,0,0,
Hardanish-Singh,,,,,,,0,0,0,
eltonvs,,,,,,,0,0,0,
rilian,,,,,,,0,0,0,
brvoigt,,,,,,,0,0,0,
NS007-dev,,,,,,,0,0,0,
mstange,,,,,,,0,0,0,
adamfuhrer,,,,,,,0,0,0,
binyoon99,,,,,,,0,0,0,
invisibleBully,,,,,,,0,0,0,
thanethomson,,,,,,,0,0,0,
AVAV2500,,,,,,,0,0,0,
davifrossard,,,,,,,0,0,0,
blackHatMonkey,,,,,,,0,0,0,
nwjsmith,,,,,,,0,0,0,
rafkhan,,,,,,,0,0,0,
junzhengca,,,,,,,0,0,0,
rfratto,,,,,,,0,0,0,
shwina,,,,,,,0,0,0,
elliottsj,,,,,,,0,0,0,
NimaGhaedsharafi,,,,,,,0,0,0,
sumitarora,,,,,,,0,0,0,
seanpaultaylor,,,,,,,0,0,0,
probil,,,,,,,0,0,0,
bani,,,,,,,0,0,0,
liaojason2,,,,,,,0,0,0,
moein-shafi,,,,,,,0,0,0,
kyoshino,,,,,,,0,0,0,
scottclowe,,,,,,,0,0,0,
jinsley8,,,,,,,0,0,0,
Shawn-Ogbomo,,,,,,,0,0,0,
caseware,,,,,,,0,0,0,
EmilyGraceSeville7cf,,,,,,,0,0,0,
amangalvedhekar,,,,,,,0,0,0,
Prtfw,,,,,,,0,0,0,
haroldtreen,,,,,,,0,0,0,
liamks,,,,,,,0,0,0,
Jerry1211,,,,,,,0,0,0,
ianmackenzie,,,,,,,0,0,0,
ppaquette,,,,,,,0,0,0,
rymcol,,,,,,,0,0,0,
quepol,,,,,,,0,0,0,
nlalonde,,,,,,,0,0,0,
jstaf,,,,,,,0,0,0,
NickStrupat,,,,,,,0,0,0,
kiosion,,,,,,,0,0,0,
nickpresta,,,,,,,0,0,0,
ChigboIO,,,,,,,0,0,0,
radioblahaj,,,,,,,0,0,0,
dgomesbr,,,,,,,0,0,0,
douglasmakey,,,,,,,0,0,0,
eadamceylan,,,,,,,0,0,0,
thejmazz,,,,,,,0,0,0,
michaelchi08,,,,,,,0,0,0,
jameskeane,,,,,,,0,0,0,
svanoort,,,,,,,0,0,0,
hannes-brt,,,,,,,0,0,0,
FabioBatSilva,,,,,,,0,0,0,
KooroshRH,,,,,,,0,0,0,
LeNPaul,,,,,,,0,0,0,
hrzafer,,,,,,,0,0,0,
sepehrasgarian,,,,,,,0,0,0,
aehlke,,,,,,,0,0,0,
bgilham,,,,,,,0,0,0,
matt-sd-watson,,,,,,,0,0,0,
sauricat,,,,,,,0,0,0,
adamgoucher,,,,,,,0,0,0,
daniil,,,,,,,0,0,0,
ryanwilsonperkin,,,,,,,0,0,0,
prodseanb,,,,,,,0,0,0,
stevenvachon,,,,,,,0,0,0,
MisterJimson,,,,,,,0,0,0,
cltrudeau,,,,,,,0,0,0,
goatandsheep,,,,,,,0,0,0,
uptoamir,,,,,,,0,0,0,
WilliamPourmajidi,,,,,,,0,0,0,
NodeBB,,,,,,,0,0,0,
spacejack,,,,,,,0,0,0,
gvarandas,,,,,,,0,0,0,
lunaroyster,,,,,,,0,0,0,
HuakunShen,,,,,,,0,0,0,
vikramkakkar,,,,,,,0,0,0,
destruc7i0n,,,,,,,0,0,0,
ranacseruet,,,,,,,0,0,0,
scoremedia,,,,,,,0,0,0,
yusuf8ahmed,,,,,,,0,0,0,
yzgyyang,,,,,,,0,0,0,
SC4RECOIN,,,,,,,0,0,0,
gngdb,,,,,,,0,0,0,
samgermain,,,,,,,0,0,0,
itaymishan,,,,,,,0,0,0,
adrian-miasik,,,,,,,0,0,0,
jmcardon,,,,,,,0,0,0,
awgeezrick,,,,,,,0,0,0,
gregr,,,,,,,0,0,0,
HaydenMeloche,,,,,,,0,0,0,
clarabatt,,,,,,,0,0,0,
yasith,,,,,,,0,0,0,
robocoder,,,,,,,0,0,0,
amingilani,,,,,,,0,0,0,
igilitschenski,,,,,,,0,0,0,
AfzalivE,,,,,,,0,0,0,
zhangsu,,,,,,,0,0,0,
mabuyo,,,,,,,0,0,0,
mwarkentin,,,,,,,0,0,0,
rohithpudari,,,,,,,0,0,0,
UddamB,,,,,,,0,0,0,
osis,,,,,,,0,0,0,
yangze0930,,,,,,,0,0,0,
aarongough,,,,,,,0,0,0,
npjd,,,,,,,0,0,0,
itsbilal,,,,,,,0,0,0,
sharon-yi,,,,,,,0,0,0,
dcooney,,,,,,,0,0,0,
PabloVallejo,,,,,,,0,0,0,
mmonfared,,,,,,,0,0,0,
gmoledina,,,,,,,0,0,0,
mc256,,,,,,,0,0,0,
mlxd,,,,,,,0,0,0,
aravind-3105,,,,,,,0,0,0,
basil2style,,,,,,,0,0,0,
dellisd,,,,,,,0,0,0,
finiterank,,,,,,,0,0,0,
acode,,,,,,,0,0,0,
gorkem-cetin,,,,,,,0,0,0,
rwhogg,,,,,,,0,0,0,
andrewdamelio,,,,,,,0,0,0,
qasim,,,,,,,0,0,0,
